campaign,costs,total_revenue_7,roas_7,status
tt_campaign_1,9331.254887017792,2191.3089339387416,0.2348,эффективная
tt_campaign_2,2879.3532989483747,440.4530190229416,0.153,неэффективная
tt_campaign_3,4893.326560520012,1316.011202480793,0.2689,эффективная
tt_campaign_4,892.362465421137,400.7465979099273,0.4491,эффективная
